sig_mode,variant,k,MAE_data,MAE_users,RMSE,RMSE_users,CR
binary_mask,binary_mask__neighbor_mean_plus_raw_dev,1,0.836462896474546,0.8479640624405166,1.172233441184848,1.1158059783379453,0.6281097022605298
binary_mask,binary_mask__neighbor_mean_plus_raw_dev,10,0.7767581822478987,0.781385821760731,1.005701092262266,0.9689329016838423,0.9833316312513162
binary_mask,binary_mask__neighbor_mean_plus_raw_dev,50,0.7547474825146381,0.758667339755559,0.9606374718897266,0.9253580850496077,0.999861521206167
binary_mask,binary_mask__resnick,1,0.8503853591708139,0.8607955116545373,1.1246033600162995,1.0745995474242378,0.6281097022605298
binary_mask,binary_mask__resnick,10,0.7587337627835331,0.7656772850660991,0.9824746025591355,0.9537498075269891,0.9833316312513162
binary_mask,binary_mask__resnick,50,0.7273633673607403,0.7352054935446721,0.9334250418351875,0.9059631577290516,0.999861521206167
binary_mask,binary_mask__weighted_raw,1,0.836462896474546,0.8479640624405166,1.172233441184848,1.1158059783379453,0.6281097022605298
binary_mask,binary_mask__weighted_raw,10,0.7767581822478987,0.781385821760731,1.005701092262266,0.9689329016838423,0.9833316312513162
binary_mask,binary_mask__weighted_raw,50,0.7547474825146381,0.758667339755559,0.9606374718897266,0.9253580850496077,0.999861521206167
