sig_mode,variant,k,MAE_data,MAE_users,RMSE,RMSE_users,CR
ratpop_unmasked_items,ratpop_unmasked_items__neighbor_mean_plus_raw_dev,1,1.0407904556159946,1.0432727285151977,1.403298207655308,1.3323281700261786,0.6556929049107316
ratpop_unmasked_items,ratpop_unmasked_items__neighbor_mean_plus_raw_dev,10,0.8098311004963819,0.8132147515143906,1.0405941468733393,1.0038062121163518,0.9864664003938433
ratpop_unmasked_items,ratpop_unmasked_items__neighbor_mean_plus_raw_dev,50,0.7755848337149059,0.7797442939309931,0.9789860541566853,0.9453607651169842,0.9998615196213606
ratpop_unmasked_items,ratpop_unmasked_items__resnick,1,1.0050658204263452,1.00864371413798,1.315806794725283,1.2534867398895868,0.6556929049107316
ratpop_unmasked_items,ratpop_unmasked_items__resnick,10,0.785249647529317,0.7914808898191087,1.01715987290643,0.9862942004759088,0.9864664003938433
ratpop_unmasked_items,ratpop_unmasked_items__resnick,50,0.738187657162692,0.7468140659062985,0.9471824180642254,0.9200116791534813,0.9998615196213606
ratpop_unmasked_items,ratpop_unmasked_items__weighted_raw,1,1.0407904556159946,1.0432727285151977,1.403298207655308,1.3323281700261786,0.6556929049107316
ratpop_unmasked_items,ratpop_unmasked_items__weighted_raw,10,0.8098311004963816,0.8132147515143904,1.0405941468733393,1.0038062121163516,0.9864664003938433
ratpop_unmasked_items,ratpop_unmasked_items__weighted_raw,50,0.7755848337149059,0.7797442939309931,0.9789860541566853,0.9453607651169842,0.9998615196213606
