order,k,MAE_data,MAE_users,RMSE,RMSE_users,CR
asc,1,9.9,9.9,9.9,9.9,0.0
asc,10,1.0142358586849514,1.0308173293564489,1.288797383620106,1.2277406515604836,0.28438151949711177
asc,50,0.9037169169693019,0.9143265925730286,1.150473620402273,1.1189772100754047,0.8336188235183741
desc,1,0.8571726690059224,0.8687460241103253,1.1375328224582486,1.0829867089706346,0.6006899803090981
desc,10,0.7664825746698652,0.7728101653361013,0.9915753632701501,0.9612041605974431,0.9795925627700589
desc,50,0.7317989719258906,0.7397405756105171,0.9374259141891523,0.9100490182927199,0.9996978582546667
random_fixed,1,0.9772691517402183,0.9837269846914133,1.2620631387515853,1.1450771491643095,0.2531976669368444
random_fixed,10,0.8803993004422962,0.8870263852187399,1.1301757644160888,1.094229973174322,0.8374332336933886
random_fixed,50,0.7818056288281561,0.7879438940067962,0.9989044762887337,0.9699398703577886,0.9915147835807469
