sig_mode,variant,k,MAE_data,MAE_users,RMSE,RMSE_users,CR
rating_value_mask,rating_value_mask__neighbor_mean_plus_raw_dev,1,0.8411402289688448,0.8530842724498433,1.1771994277053988,1.1216737706810753,0.6237160374414936
rating_value_mask,rating_value_mask__neighbor_mean_plus_raw_dev,10,0.7860720350632072,0.7896822034638384,1.0249606102877042,0.9837945312312734,0.981795744706208
rating_value_mask,rating_value_mask__neighbor_mean_plus_raw_dev,50,0.7579298070797446,0.7615750204055781,0.9703557365048183,0.9321274799675567,0.9997608035931744
rating_value_mask,rating_value_mask__resnick,1,0.8528042006679106,0.8646964874689068,1.1213554358456936,1.0753427926396733,0.6237160374414936
rating_value_mask,rating_value_mask__resnick,10,0.7610645498150219,0.7673790504075388,0.9851869885140203,0.9553702092513896,0.981795744706208
rating_value_mask,rating_value_mask__resnick,50,0.7275715591399734,0.7357098714988576,0.933119778449972,0.9061405649132095,0.9997608035931744
rating_value_mask,rating_value_mask__weighted_raw,1,0.8411402289688448,0.8530842724498433,1.1771994277053988,1.1216737706810753,0.6237160374414936
rating_value_mask,rating_value_mask__weighted_raw,10,0.7860720350632072,0.7896822034638384,1.0249606102877042,0.9837945312312734,0.981795744706208
rating_value_mask,rating_value_mask__weighted_raw,50,0.7579298070797446,0.7615750204055781,0.9703557365048183,0.9321274799675567,0.9997608035931744
