mode,k,MAE_data,MAE_users,RMSE,RMSE_users,CR
all_users_items20,1,0.8672301450693644,0.8936270629721893,1.1518434194499363,1.0638638398065805,0.5970010083439642
all_users_items20,10,0.7747081823587338,0.7969536185809476,1.004005277658989,0.9556711716451914,0.9772555065276233
all_users_items20,50,0.7401931792019173,0.7630146526027148,0.9499288192290356,0.9073857890788192,0.9992734436866908
