sig_mode,variant,k,MAE_data,MAE_users,RMSE,RMSE_users,CR
ratpop_mask,ratpop_mask__neighbor_mean_plus_raw_dev,1,0.8338333350634433,0.8461281325300588,1.172230024322911,1.1125925696617238,0.6006899803090981
ratpop_mask,ratpop_mask__neighbor_mean_plus_raw_dev,10,0.7778536284536401,0.7829106546678715,1.0125809371062544,0.9759529190914977,0.9795925627700589
ratpop_mask,ratpop_mask__neighbor_mean_plus_raw_dev,50,0.749868864147705,0.7547452719927632,0.9580747769005568,0.9237768282504939,0.9996978582546667
ratpop_mask,ratpop_mask__resnick,1,0.8571726690059224,0.8687460241103253,1.1375328224582486,1.0829867089706346,0.6006899803090981
ratpop_mask,ratpop_mask__resnick,10,0.7664825746698652,0.7728101653361013,0.9915753632701501,0.9612041605974431,0.9795925627700589
ratpop_mask,ratpop_mask__resnick,50,0.7317989719258906,0.7397405756105171,0.9374259141891523,0.9100490182927199,0.9996978582546667
ratpop_mask,ratpop_mask__weighted_raw,1,0.8338333350634433,0.8461281325300588,1.172230024322911,1.1125925696617238,0.6006899803090981
ratpop_mask,ratpop_mask__weighted_raw,10,0.77785362845364,0.7829106546678714,1.0125809371062544,0.9759529190914977,0.9795925627700589
ratpop_mask,ratpop_mask__weighted_raw,50,0.749868864147705,0.7547452719927633,0.9580747769005568,0.9237768282504939,0.9996978582546667
