split,k,MAE_data,MAE_users,RMSE,RMSE_users,CR
u1-u5,1,0.8718185855336215,0.8773212928241234,1.1536165520232013,1.118957395119335,0.5812839863565861
u1-u5,10,0.7749660999515684,0.7750106214331314,1.0008147183706269,0.9767795258652427,0.9733555690937716
u1-u5,50,0.7358614708869642,0.7404771582979105,0.9426073628873123,0.923501069122797,0.9993965514982989
