split,k,MAE_data,MAE_users,RMSE,RMSE_users,CR
kfold_noshuffle,1,0.8627077111207189,0.8603346303194161,1.1442652881874666,1.0800317643829294,0.6168672254947417
kfold_noshuffle,10,0.7657480401933973,0.7696723604853125,0.9894293650859469,0.9572967908285849,0.9802095389747623
kfold_noshuffle,50,0.731392570393486,0.7388695274758321,0.9364879512398877,0.9089984237896942,0.9996223216297286
