split,k,MAE_data,MAE_users,RMSE,RMSE_users,CR
kfold_shuffle0,1,0.858832549539273,0.8713140303619337,1.1401715019955787,1.0889920600047691,0.6032204643761524
kfold_shuffle0,10,0.7654319483220406,0.7707857628713564,0.9891407749898056,0.9594849292421186,0.9793282455978201
kfold_shuffle0,50,0.7308372146000476,0.7381618842916475,0.9361113093435065,0.9091535352628369,0.9995971438112867
