split,k,MAE_data,MAE_users,RMSE,RMSE_users,CR
timestamp_blocks,1,0.925571289098493,0.9029864452882757,1.2005657585789202,1.0975309967477533,0.22993016138780348
timestamp_blocks,10,0.8369114471077717,0.7950202784663529,1.0731348989155005,0.9620388879093207,0.43774195080025746
timestamp_blocks,50,0.7938619574079017,0.742526339943007,1.0131844671909356,0.8943152559786206,0.45739390608995434
