mode,k,MAE_data,MAE_users,RMSE,RMSE_users,CR
all_raw,1,0.8721044496151327,0.894226954299158,1.1606540969490085,1.0679950725731506,0.57892
all_raw,10,0.7775601011066281,0.7973203086041127,1.0101269848444052,0.9585315006153092,0.95313
all_raw,50,0.7450549676901546,0.7631174792324203,0.9584635691307088,0.9098024298648797,0.9899799999999999
